{
    "version": "1.0",
    "explanations": {
        "kernel_shap": {
            "label0": {
                "global_shap_values": {
                    "esent": 0.28088749768298144,
                    "eopenrate": 0.03135444630745921,
                    "eclickrate": 0.018447575589114352,
                    "avgorder": 0.01999037530623146,
                    "ordfreq": 0.012841056916147873,
                    "paperless": 0.02248377115816242,
                    "refill": 0.01108537491120238,
                    "doorstep": 0.010002532832905597,
                    "first_last_days_diff": 0.01707139769073926,
                    "created_first_days_diff": 0.014751517256874775,
                    "favday_Friday": 0.009433951888908713,
                    "favday_Monday": 0.010445262295889187,
                    "favday_Saturday": 0.00906206156941959,
                    "favday_Sunday": 0.009325026235371361,
                    "favday_Thursday": 0.009102013642771727,
                    "favday_Tuesday": 0.009938256973843913,
                    "favday_Wednesday": 0.009178399790454404,
                    "city_BLR": 0.009262115510357487,
                    "city_BOM": 0.010756524776270393,
                    "city_DEL": 0.009360834263688346,
                    "city_MAA": 0.009724784186149839
                },
                "expected_value": 0.7720695537670205
            }
        }
    },
    "post_training_bias_metrics": {
        "label": "target",
        "facets": {
            "doorstep": [
                {
                    "value_or_threshold": "(0.0, 1.0]",
                    "metrics": [
                        {
                            "name": "AD",
                            "description": "Accuracy Difference (AD)",
                            "value": -0.00527865299565522
                        },
                        {
                            "name": "CDDPL",
                            "description": "Conditional Demographic Disparity in Predicted Labels (CDDPL)",
                            "value": null,
                            "error": "Group variable is empty or not provided"
                        },
                        {
                            "name": "DAR",
                            "description": "Difference in Acceptance Rates (DAR)",
                            "value": -0.004210244648491734
                        },
                        {
                            "name": "DCA",
                            "description": "Difference in Conditional Acceptance (DCA)",
                            "value": 0.0030523800470217965
                        },
                        {
                            "name": "DCR",
                            "description": "Difference in Conditional Rejection (DCR)",
                            "value": 0.3332659422121136
                        },
                        {
                            "name": "DI",
                            "description": "Disparate Impact (DI)",
                            "value": 1.1696821406606122
                        },
                        {
                            "name": "DPPL",
                            "description": "Difference in Positive Proportions in Predicted Labels (DPPL)",
                            "value": -0.13723953191524862
                        },
                        {
                            "name": "DRR",
                            "description": "Difference in Rejection Rates (DRR)",
                            "value": -0.002998904894280119
                        },
                        {
                            "name": "FT",
                            "description": "Flip Test (FT)",
                            "value": 0.001199040767386091
                        },
                        {
                            "name": "GE",
                            "description": "Generalized Entropy (GE)",
                            "value": 0.015634139632305404
                        },
                        {
                            "name": "RD",
                            "description": "Recall Difference (RD)",
                            "value": -0.007410530520312708
                        },
                        {
                            "name": "SD",
                            "description": "Specificity Difference (SD)",
                            "value": -0.20837563819911809
                        },
                        {
                            "name": "TE",
                            "description": "Treatment Equality (TE)",
                            "value": -0.22259136212624586
                        }
                    ]
                }
            ]
        },
        "label_value_or_threshold": "1"
    },
    "pre_training_bias_metrics": {
        "label": "target",
        "facets": {
            "doorstep": [
                {
                    "value_or_threshold": "(0.0, 1.0]",
                    "metrics": [
                        {
                            "name": "CDDL",
                            "description": "Conditional Demographic Disparity in Labels (CDDL)",
                            "value": null,
                            "error": "Group variable is empty or not provided"
                        },
                        {
                            "name": "CI",
                            "description": "Class Imbalance (CI)",
                            "value": 0.9225267069205759
                        },
                        {
                            "name": "DPL",
                            "description": "Difference in Positive Proportions in Labels (DPL)",
                            "value": -0.13146587484554295
                        },
                        {
                            "name": "JS",
                            "description": "Jensen-Shannon Divergence (JS)",
                            "value": 0.018275436350080627
                        },
                        {
                            "name": "KL",
                            "description": "Kullback-Liebler Divergence (KL)",
                            "value": 0.08618507960048948
                        },
                        {
                            "name": "KS",
                            "description": "Kolmogorov-Smirnov Distance (KS)",
                            "value": 0.13146587484554298
                        },
                        {
                            "name": "LP",
                            "description": "L-p Norm (LP)",
                            "value": 0.1859208231958108
                        },
                        {
                            "name": "TVD",
                            "description": "Total Variation Distance (TVD)",
                            "value": 0.13146587484554295
                        }
                    ]
                }
            ]
        },
        "label_value_or_threshold": "1"
    }
}